id,Nombre,Apellido,email,Genero
1,Conrade,Sutheran,csutheran0@opensource.org,Male
2,Domenic,Gerriets,dgerriets1@whitehouse.gov,Male
3,Nerty,Brosh,nbrosh2@smh.com.au,Female
4,Roseanne,Nestle,rnestle3@ftc.gov,Female
5,Larisa,Annion,lannion4@ifeng.com,Female
6,Emylee,Dearnley,edearnley5@arizona.edu,Female
7,Kellby,Marc,kmarc6@auda.org.au,Male
8,Rick,Horsley,rhorsley7@berkeley.edu,Male
9,Dex,Barbara,dbarbara8@ucsd.edu,Male
10,Kendricks,Yakutin,kyakutin9@blogger.com,Male
11,Estele,Chavez,echaveza@aboutads.info,Female
12,Branden,Fiddyment,bfiddymentb@i2i.jp,Male
13,Noell,Hymer,nhymerc@ucsd.edu,Female
14,Cristionna,Allward,callwardd@bandcamp.com,Female
15,Penny,Filintsev,pfilintseve@smugmug.com,Male
16,Orella,Tingly,otinglyf@alexa.com,Female
17,Anne-corinne,Hinsch,ahinschg@edublogs.org,Female
18,Orly,Tomsen,otomsenh@seesaa.net,Female
19,Robinet,Braven,rbraveni@addthis.com,Female
20,Conan,Keppel,ckeppelj@seesaa.net,Male
21,Yalonda,Gilfoy,ygilfoyk@webs.com,Female
22,Ray,Brodeau,rbrodeaul@prweb.com,Male
23,Bryn,Phillipson,bphillipsonm@fda.gov,Male
24,Brian,Jocelyn,bjocelynn@clickbank.net,Male
25,Simonette,Reeks,sreekso@nymag.com,Female
26,Carlin,Tumini,ctuminip@storify.com,Male
27,Ivy,Coade,icoadeq@rambler.ru,Female
28,Iggy,MacElroy,imacelroyr@oracle.com,Male
29,Chas,Bemlott,cbemlotts@blog.com,Male
30,Henrie,Gonzalvo,hgonzalvot@china.com.cn,Female
31,Letizia,Thomlinson,lthomlinsonu@jiathis.com,Female
32,Umeko,Kerwin,ukerwinv@networksolutions.com,Female
33,Mag,d' Elboux,mdelbouxw@networkadvertising.org,Female
34,Domeniga,Iacabucci,diacabuccix@mayoclinic.com,Female
35,Kath,Royans,kroyansy@acquirethisname.com,Female
36,Antony,Kalinke,akalinkez@4shared.com,Male
37,Briney,Alexsandrovich,balexsandrovich10@umich.edu,Female
38,Jarrid,Safe,jsafe11@1688.com,Male
39,Guinna,Mould,gmould12@usnews.com,Female
40,Glenna,Boom,gboom13@discovery.com,Female
41,Johna,Hanratty,jhanratty14@netscape.com,Female
42,Ainsley,Beston,abeston15@admin.ch,Female
43,Mendel,Greaser,mgreaser16@mashable.com,Male
44,Thedrick,Darrigone,tdarrigone17@washingtonpost.com,Male
45,William,McKevin,wmckevin18@wikipedia.org,Male
46,Hinze,Arnely,harnely19@hao123.com,Male
47,Iolanthe,Road,iroad1a@theguardian.com,Female
48,Siffre,Colbran,scolbran1b@zimbio.com,Male
49,Teador,Fozard,tfozard1c@sogou.com,Male
50,Normand,Cotmore,ncotmore1d@hostgator.com,Male
51,Meredith,Yallowley,myallowley1e@apache.org,Female
52,Patsy,Fulep,pfulep1f@google.ca,Male
53,Davon,Boston,dboston1g@google.nl,Male
54,Hillery,Linnane,hlinnane1h@youku.com,Male
55,Kennie,Durdan,kdurdan1i@cyberchimps.com,Male
56,Nolana,Iacobo,niacobo1j@example.com,Female
57,Jojo,Olyfant,jolyfant1k@chron.com,Female
58,Sylvester,Bridden,sbridden1l@plala.or.jp,Male
59,Silvanus,Lewknor,slewknor1m@usda.gov,Male
60,Joanie,Kleewein,jkleewein1n@mapy.cz,Female
61,Cullen,Dmitriev,cdmitriev1o@deviantart.com,Male
62,Ario,Ludovici,aludovici1p@theglobeandmail.com,Male
63,Bella,Aim,baim1q@eventbrite.com,Female
64,Harcourt,Cardis,hcardis1r@tiny.cc,Male
65,Woodie,Reynold,wreynold1s@purevolume.com,Male
66,Allen,Myrkus,amyrkus1t@goo.ne.jp,Male
67,Seka,Brough,sbrough1u@yandex.ru,Female
68,Brigitte,Langmead,blangmead1v@umich.edu,Female
69,Rori,Robshaw,rrobshaw1w@jigsy.com,Female
70,Danielle,Sweetnam,dsweetnam1x@addthis.com,Female
71,Leela,Woloschin,lwoloschin1y@virginia.edu,Female
72,Iorgos,McIan,imcian1z@wiley.com,Male
73,Angel,Riepel,ariepel20@edublogs.org,Male
74,Charissa,Sier,csier21@ow.ly,Female
75,Prudy,Addionizio,paddionizio22@globo.com,Female
76,Annaliese,Reade,areade23@wikipedia.org,Female
77,Amberly,Fane,afane24@fastcompany.com,Female
78,Kelcy,Petren,kpetren25@wikispaces.com,Female
79,Glen,Chisnell,gchisnell26@prnewswire.com,Female
80,Blane,Need,bneed27@mac.com,Male
81,Niko,Cypler,ncypler28@sphinn.com,Male
82,Ilsa,Niccolls,iniccolls29@ucsd.edu,Female
83,Roland,Bergen,rbergen2a@foxnews.com,Male
84,Natala,Heakey,nheakey2b@cnn.com,Female
85,Belicia,McCloud,bmccloud2c@imdb.com,Female
86,Alden,Finlator,afinlator2d@bandcamp.com,Male
87,Hayes,Stoeckle,hstoeckle2e@princeton.edu,Male
88,Berna,Dongate,bdongate2f@unicef.org,Female
89,Eimile,Micheau,emicheau2g@microsoft.com,Female
90,Raleigh,Lillicrop,rlillicrop2h@ebay.co.uk,Male
91,Charlotte,Carrell,ccarrell2i@accuweather.com,Female
92,Stevana,Lowre,slowre2j@craigslist.org,Female
93,Trudie,Goodbanne,tgoodbanne2k@fema.gov,Female
94,Ambros,Matthieson,amatthieson2l@delicious.com,Male
95,Vincenz,Gross,vgross2m@slideshare.net,Male
96,Yardley,Evamy,yevamy2n@prweb.com,Male
97,Ulrika,Swalwell,uswalwell2o@gravatar.com,Female
98,Jesse,MacRannell,jmacrannell2p@goodreads.com,Male
99,Torrie,Paulsen,tpaulsen2q@typepad.com,Female
100,Anderea,Turville,aturville2r@list-manage.com,Female
